id,uid,mbti_E,mbti_I,mbti_S,mbti_N,mbti_T,mbti_F,mbti_J,mbti_P,ipip_E,ipip_A,ipip_C,ipip_N,ipip_O,rawD,rawI,rawS,rawC,normD,normI,normS,normC
140,76,NULL,NULL,NULL,NULL,NULL,NULL,NULL,NULL,16,10,15,11,5,-3,-11,8,6,0.223214,0.151786,0.321429,0.303571
142,91,NULL,NULL,NULL,NULL,NULL,NULL,NULL,NULL,9,11,14,12,11,-2,0,-1,3,0.232143,0.25,0.241071,0.276786
143,87,NULL,NULL,NULL,NULL,NULL,NULL,NULL,NULL,16,11,15,14,7,-5,-12,6,11,0.205357,0.142857,0.303571,0.348214
144,84,NULL,NULL,NULL,NULL,NULL,NULL,NULL,NULL,17,13,14,11,4,-13,-12,8,17,0.133929,0.142857,0.321429,0.401786
146,86,NULL,NULL,NULL,NULL,NULL,NULL,NULL,NULL,13,8,20,11,10,-20,-2,14,8,0.0714286,0.232143,0.375,0.321429
147,88,NULL,NULL,NULL,NULL,NULL,NULL,NULL,NULL,15,14,20,16,5,-8,-11,15,4,0.178571,0.151786,0.383929,0.285714
149,93,NULL,NULL,NULL,NULL,NULL,NULL,NULL,NULL,10,14,13,11,7,-4,-2,4,2,0.214286,0.232143,0.285714,0.267857
150,98,NULL,NULL,NULL,NULL,NULL,NULL,NULL,NULL,19,12,16,12,16,6,0,-7,1,0.303571,0.25,0.1875,0.258929
151,99,NULL,NULL,NULL,NULL,NULL,NULL,NULL,NULL,18,11,18,15,9,-11,-3,12,2,0.151786,0.223214,0.357143,0.267857
155,89,NULL,NULL,NULL,NULL,NULL,NULL,NULL,NULL,13,13,15,13,9,-7,1,8,-2,0.1875,0.258929,0.321429,0.232143
156,77,NULL,NULL,NULL,NULL,NULL,NULL,NULL,NULL,17,13,15,12,12,-12,2,5,5,0.142857,0.267857,0.294643,0.294643
157,103,NULL,NULL,NULL,NULL,NULL,NULL,NULL,NULL,14,4,19,16,13,0,7,3,-10,0.25,0.3125,0.276786,0.160714
158,102,NULL,NULL,NULL,NULL,NULL,NULL,NULL,NULL,10,9,14,11,10,-2,2,3,-3,0.232143,0.267857,0.276786,0.223214
159,78,NULL,NULL,NULL,NULL,NULL,NULL,NULL,NULL,9,15,18,16,13,16,-1,-7,-8,0.392857,0.241071,0.1875,0.178571
160,107,NULL,NULL,NULL,NULL,NULL,NULL,NULL,NULL,14,12,13,14,11,-1,-6,6,1,0.241071,0.196429,0.303571,0.258929
161,109,NULL,NULL,NULL,NULL,NULL,NULL,NULL,NULL,13,8,16,16,13,0,-3,1,2,0.25,0.223214,0.258929,0.267857
162,108,NULL,NULL,NULL,NULL,NULL,NULL,NULL,NULL,13,13,11,13,10,-12,-3,7,8,0.142857,0.223214,0.3125,0.321429
163,110,NULL,NULL,NULL,NULL,NULL,NULL,NULL,NULL,10,13,8,14,8,-4,-7,-1,12,0.214286,0.1875,0.241071,0.357143
165,105,NULL,NULL,NULL,NULL,NULL,NULL,NULL,NULL,19,6,13,14,15,-5,0,5,0,0.205357,0.25,0.294643,0.25
166,117,NULL,NULL,NULL,NULL,NULL,NULL,NULL,NULL,11,8,9,14,11,0,-1,4,-3,0.25,0.241071,0.285714,0.223214
170,121,NULL,NULL,NULL,NULL,NULL,NULL,NULL,NULL,15,11,7,11,12,-2,5,1,-4,0.232143,0.294643,0.258929,0.214286
172,112,NULL,NULL,NULL,NULL,NULL,NULL,NULL,NULL,16,4,14,15,8,2,0,1,-3,0.267857,0.25,0.258929,0.223214
173,104,NULL,NULL,NULL,NULL,NULL,NULL,NULL,NULL,16,13,17,14,6,-9,-12,8,13,0.169643,0.142857,0.321429,0.366071
174,122,NULL,NULL,NULL,NULL,NULL,NULL,NULL,NULL,15,13,13,13,11,9,-1,-8,0,0.330357,0.241071,0.178571,0.25
176,125,NULL,NULL,NULL,NULL,NULL,NULL,NULL,NULL,14,13,16,10,12,-3,2,1,0,0.223214,0.267857,0.258929,0.25
178,123,NULL,NULL,NULL,NULL,NULL,NULL,NULL,NULL,15,10,15,16,17,13,5,-10,-8,0.366071,0.294643,0.160714,0.178571
179,131,NULL,NULL,NULL,NULL,NULL,NULL,NULL,NULL,13,14,12,8,4,-12,-10,4,18,0.142857,0.160714,0.285714,0.410714
180,130,NULL,NULL,NULL,NULL,NULL,NULL,NULL,NULL,15,11,14,10,9,-8,-11,5,14,0.178571,0.151786,0.294643,0.375
182,133,NULL,NULL,NULL,NULL,NULL,NULL,NULL,NULL,15,5,18,11,9,-12,6,4,2,0.142857,0.303571,0.285714,0.267857
183,134,NULL,NULL,NULL,NULL,NULL,NULL,NULL,NULL,12,9,15,16,7,8,-7,-7,6,0.321429,0.1875,0.1875,0.303571
186,139,NULL,NULL,NULL,NULL,NULL,NULL,NULL,NULL,15,5,15,15,13,0,-3,-3,6,0.25,0.223214,0.223214,0.303571
187,140,NULL,NULL,NULL,NULL,NULL,NULL,NULL,NULL,17,4,17,14,13,-11,5,5,1,0.151786,0.294643,0.294643,0.258929
189,143,NULL,NULL,NULL,NULL,NULL,NULL,NULL,NULL,5,19,8,16,12,9,3,-9,-3,0.330357,0.276786,0.169643,0.223214
190,144,NULL,NULL,NULL,NULL,NULL,NULL,NULL,NULL,10,9,12,11,11,0,1,-2,1,0.25,0.258929,0.232143,0.258929
191,145,NULL,NULL,NULL,NULL,NULL,NULL,NULL,NULL,17,8,19,14,17,5,7,-4,-8,0.294643,0.3125,0.214286,0.178571
192,142,NULL,NULL,NULL,NULL,NULL,NULL,NULL,NULL,16,4,20,16,20,-3,3,0,0,0.223214,0.276786,0.25,0.25
195,148,NULL,NULL,NULL,NULL,NULL,NULL,NULL,NULL,16,5,16,15,14,-9,4,7,-2,0.169643,0.285714,0.3125,0.232143
197,150,NULL,NULL,NULL,NULL,NULL,NULL,NULL,NULL,15,14,14,12,13,-1,-1,0,2,0.241071,0.241071,0.25,0.267857
199,160,NULL,NULL,NULL,NULL,NULL,NULL,NULL,NULL,16,11,10,12,7,-15,-10,8,17,0.116071,0.160714,0.321429,0.401786
201,159,NULL,NULL,NULL,NULL,NULL,NULL,NULL,NULL,14,20,13,17,4,-10,-13,6,17,0.160714,0.133929,0.303571,0.401786
203,157,NULL,NULL,NULL,NULL,NULL,NULL,NULL,NULL,14,16,15,13,4,-6,-11,2,15,0.196429,0.151786,0.267857,0.383929
204,161,NULL,NULL,NULL,NULL,NULL,NULL,NULL,NULL,17,9,19,14,15,-11,-2,13,0,0.151786,0.232143,0.366071,0.25
205,153,NULL,NULL,NULL,NULL,NULL,NULL,NULL,NULL,11,15,16,16,10,-13,-2,7,8,0.133929,0.232143,0.3125,0.321429
207,162,NULL,NULL,NULL,NULL,NULL,NULL,NULL,NULL,11,12,12,16,10,13,-4,-6,-3,0.366071,0.214286,0.196429,0.223214
208,165,NULL,NULL,NULL,NULL,NULL,NULL,NULL,NULL,16,13,18,12,18,9,6,-9,-6,0.330357,0.303571,0.169643,0.196429
210,152,NULL,NULL,NULL,NULL,NULL,NULL,NULL,NULL,12,12,18,16,13,2,-5,2,1,0.267857,0.205357,0.267857,0.258929
211,164,NULL,NULL,NULL,NULL,NULL,NULL,NULL,NULL,13,9,16,15,15,-3,1,2,0,0.223214,0.258929,0.267857,0.25
212,166,NULL,NULL,NULL,NULL,NULL,NULL,NULL,NULL,20,4,20,10,20,-9,9,2,-2,0.169643,0.330357,0.267857,0.232143
213,167,NULL,NULL,NULL,NULL,NULL,NULL,NULL,NULL,11,14,18,11,4,-16,-7,15,8,0.107143,0.1875,0.383929,0.321429
214,169,NULL,NULL,NULL,NULL,NULL,NULL,NULL,NULL,18,5,13,16,8,-7,-4,-1,12,0.1875,0.214286,0.241071,0.357143
215,170,NULL,NULL,NULL,NULL,NULL,NULL,NULL,NULL,13,12,16,17,15,4,5,-7,-2,0.285714,0.294643,0.1875,0.232143
216,171,NULL,NULL,NULL,NULL,NULL,NULL,NULL,NULL,14,14,8,16,8,18,-6,-13,1,0.410714,0.196429,0.133929,0.258929
217,173,NULL,NULL,NULL,NULL,NULL,NULL,NULL,NULL,11,9,14,14,5,-12,-13,11,14,0.142857,0.133929,0.348214,0.375
218,172,NULL,NULL,NULL,NULL,NULL,NULL,NULL,NULL,15,7,16,13,16,4,9,-4,-9,0.285714,0.330357,0.214286,0.169643
219,174,NULL,NULL,NULL,NULL,NULL,NULL,NULL,NULL,16,13,17,13,6,2,-8,-3,9,0.267857,0.178571,0.223214,0.330357
221,177,NULL,NULL,NULL,NULL,NULL,NULL,NULL,NULL,15,9,15,13,12,-4,6,2,-4,0.214286,0.303571,0.267857,0.214286
222,178,NULL,NULL,NULL,NULL,NULL,NULL,NULL,NULL,14,12,20,16,11,-6,0,3,3,0.196429,0.25,0.276786,0.276786
226,182,NULL,NULL,NULL,NULL,NULL,NULL,NULL,NULL,16,8,15,11,6,-14,-8,6,16,0.125,0.178571,0.303571,0.392857
227,183,NULL,NULL,NULL,NULL,NULL,NULL,NULL,NULL,7,16,16,16,20,6,4,-5,-5,0.303571,0.285714,0.205357,0.205357
228,184,NULL,NULL,NULL,NULL,NULL,NULL,NULL,NULL,11,11,12,18,14,22,-3,-10,-9,0.446429,0.223214,0.160714,0.169643
229,186,NULL,NULL,NULL,NULL,NULL,NULL,NULL,NULL,13,14,20,16,11,-1,6,0,-5,0.241071,0.303571,0.25,0.205357
231,191,NULL,NULL,NULL,NULL,NULL,NULL,NULL,NULL,12,10,13,13,12,0,-5,-4,9,0.25,0.205357,0.214286,0.330357
235,195,NULL,NULL,NULL,NULL,NULL,NULL,NULL,NULL,17,6,18,15,14,-13,2,9,2,0.133929,0.267857,0.330357,0.267857
236,196,NULL,NULL,NULL,NULL,NULL,NULL,NULL,NULL,8,13,18,15,14,-8,5,6,-3,0.178571,0.294643,0.303571,0.223214
237,206,NULL,NULL,NULL,NULL,NULL,NULL,NULL,NULL,14,11,13,13,11,-4,-1,-1,6,0.214286,0.241071,0.241071,0.303571
238,198,NULL,NULL,NULL,NULL,NULL,NULL,NULL,NULL,16,8,15,12,11,3,0,-5,2,0.276786,0.25,0.205357,0.267857
240,213,NULL,NULL,NULL,NULL,NULL,NULL,NULL,NULL,14,11,11,14,13,-1,9,-4,-4,0.241071,0.330357,0.214286,0.214286
243,211,NULL,NULL,NULL,NULL,NULL,NULL,NULL,NULL,15,11,15,14,8,8,-16,2,6,0.321429,0.107143,0.267857,0.303571
244,214,NULL,NULL,NULL,NULL,NULL,NULL,NULL,NULL,11,10,13,12,14,2,2,3,-7,0.267857,0.267857,0.276786,0.1875
245,207,NULL,NULL,NULL,NULL,NULL,NULL,NULL,NULL,18,6,17,16,12,2,0,1,-3,0.267857,0.25,0.258929,0.223214
249,222,NULL,NULL,NULL,NULL,NULL,NULL,NULL,NULL,13,13,10,12,10,-1,-3,1,3,0.241071,0.223214,0.258929,0.276786
251,217,NULL,NULL,NULL,NULL,NULL,NULL,NULL,NULL,10,14,13,10,11,1,1,-5,3,0.258929,0.258929,0.205357,0.276786
252,221,NULL,NULL,NULL,NULL,NULL,NULL,NULL,NULL,18,8,15,15,11,0,10,-10,0,0.25,0.339286,0.160714,0.25
253,218,NULL,NULL,NULL,NULL,NULL,NULL,NULL,NULL,20,11,18,17,7,-13,0,2,11,0.133929,0.25,0.267857,0.348214
255,205,NULL,NULL,NULL,NULL,NULL,NULL,NULL,NULL,20,10,19,12,4,-14,-8,9,13,0.125,0.178571,0.330357,0.366071
258,229,NULL,NULL,NULL,NULL,NULL,NULL,NULL,NULL,12,10,12,12,9,4,3,-2,-5,0.285714,0.276786,0.232143,0.205357
262,234,NULL,NULL,NULL,NULL,NULL,NULL,NULL,NULL,19,7,8,16,15,1,4,-8,3,0.258929,0.285714,0.178571,0.276786
263,235,NULL,NULL,NULL,NULL,NULL,NULL,NULL,NULL,9,14,11,13,14,8,6,-6,-8,0.321429,0.303571,0.196429,0.178571
264,232,NULL,NULL,NULL,NULL,NULL,NULL,NULL,NULL,16,6,12,15,10,5,-9,3,1,0.294643,0.169643,0.276786,0.258929
265,236,NULL,NULL,NULL,NULL,NULL,NULL,NULL,NULL,17,10,11,15,15,-5,2,3,0,0.205357,0.267857,0.276786,0.25
266,237,NULL,NULL,NULL,NULL,NULL,NULL,NULL,NULL,9,14,14,14,12,-11,4,3,4,0.151786,0.285714,0.276786,0.285714
267,240,NULL,NULL,NULL,NULL,NULL,NULL,NULL,NULL,20,10,20,16,4,-12,-11,7,16,0.142857,0.151786,0.3125,0.392857
268,241,NULL,NULL,NULL,NULL,NULL,NULL,NULL,NULL,16,8,16,12,11,-10,1,8,1,0.160714,0.258929,0.321429,0.258929
272,246,NULL,NULL,NULL,NULL,NULL,NULL,NULL,NULL,14,5,13,15,18,0,6,2,-8,0.25,0.303571,0.267857,0.178571
274,252,NULL,NULL,NULL,NULL,NULL,NULL,NULL,NULL,16,15,17,16,8,-10,-8,7,11,0.160714,0.178571,0.3125,0.348214
277,258,NULL,NULL,NULL,NULL,NULL,NULL,NULL,NULL,17,8,15,10,11,11,-5,2,-8,0.348214,0.205357,0.267857,0.178571
278,256,NULL,NULL,NULL,NULL,NULL,NULL,NULL,NULL,10,18,17,16,7,-12,-3,10,5,0.142857,0.223214,0.339286,0.294643
279,239,NULL,NULL,NULL,NULL,NULL,NULL,NULL,NULL,10,15,13,14,6,7,-1,-9,3,0.3125,0.241071,0.169643,0.276786
281,259,NULL,NULL,NULL,NULL,NULL,NULL,NULL,NULL,20,4,20,16,18,-11,1,11,-1,0.151786,0.258929,0.348214,0.241071
282,254,NULL,NULL,NULL,NULL,NULL,NULL,NULL,NULL,17,7,17,16,18,-1,3,0,-2,0.241071,0.276786,0.25,0.232143
285,242,NULL,NULL,NULL,NULL,NULL,NULL,NULL,NULL,10,16,14,18,5,-8,-9,4,13,0.178571,0.169643,0.285714,0.366071
286,265,NULL,NULL,NULL,NULL,NULL,NULL,NULL,NULL,13,19,11,16,13,-2,6,-7,3,0.232143,0.303571,0.1875,0.276786
288,269,NULL,NULL,NULL,NULL,NULL,NULL,NULL,NULL,11,14,13,16,6,-9,-4,4,9,0.169643,0.214286,0.285714,0.330357
290,270,NULL,NULL,NULL,NULL,NULL,NULL,NULL,NULL,16,4,20,16,14,-6,2,5,-1,0.196429,0.267857,0.294643,0.241071
291,271,NULL,NULL,NULL,NULL,NULL,NULL,NULL,NULL,19,16,16,15,11,12,-1,-8,-3,0.357143,0.241071,0.178571,0.223214
294,273,NULL,NULL,NULL,NULL,NULL,NULL,NULL,NULL,15,9,16,15,10,-2,-1,0,3,0.232143,0.241071,0.25,0.276786
296,280,NULL,NULL,NULL,NULL,NULL,NULL,NULL,NULL,14,16,14,17,10,5,-2,-4,1,0.294643,0.232143,0.214286,0.258929
297,284,NULL,NULL,NULL,NULL,NULL,NULL,NULL,NULL,15,11,15,15,11,-3,0,1,2,0.223214,0.25,0.258929,0.267857
298,286,NULL,NULL,NULL,NULL,NULL,NULL,NULL,NULL,11,15,14,14,12,5,-7,0,2,0.294643,0.1875,0.25,0.267857
299,287,NULL,NULL,NULL,NULL,NULL,NULL,NULL,NULL,16,8,13,14,10,-7,-7,6,8,0.1875,0.1875,0.303571,0.321429
300,288,NULL,NULL,NULL,NULL,NULL,NULL,NULL,NULL,15,8,16,14,11,-19,-3,14,8,0.0803571,0.223214,0.375,0.321429
305,212,NULL,NULL,NULL,NULL,NULL,NULL,NULL,NULL,11,17,9,14,9,-5,-5,-1,11,0.205357,0.205357,0.241071,0.348214
306,295,NULL,NULL,NULL,NULL,NULL,NULL,NULL,NULL,15,5,19,15,17,-4,6,3,-5,0.214286,0.303571,0.276786,0.205357
307,274,NULL,NULL,NULL,NULL,NULL,NULL,NULL,NULL,19,8,13,16,8,-16,-4,4,16,0.107143,0.214286,0.285714,0.392857
308,296,NULL,NULL,NULL,NULL,NULL,NULL,NULL,NULL,14,9,15,16,9,0,-9,4,5,0.25,0.169643,0.285714,0.294643
312,304,NULL,NULL,NULL,NULL,NULL,NULL,NULL,NULL,13,13,11,12,12,3,-4,-7,8,0.276786,0.214286,0.1875,0.321429
313,306,NULL,NULL,NULL,NULL,NULL,NULL,NULL,NULL,14,10,4,8,4,-4,-16,2,18,0.214286,0.107143,0.267857,0.410714
315,311,NULL,NULL,NULL,NULL,NULL,NULL,NULL,NULL,10,10,14,15,15,7,5,-11,-1,0.3125,0.294643,0.151786,0.241071
316,307,NULL,NULL,NULL,NULL,NULL,NULL,NULL,NULL,7,12,20,14,4,-9,-10,10,9,0.169643,0.160714,0.339286,0.330357
317,315,NULL,NULL,NULL,NULL,NULL,NULL,NULL,NULL,17,7,11,14,10,3,-7,-3,7,0.276786,0.1875,0.223214,0.3125
318,316,NULL,NULL,NULL,NULL,NULL,NULL,NULL,NULL,20,5,14,14,16,-8,9,-7,6,0.178571,0.330357,0.1875,0.303571
319,317,NULL,NULL,NULL,NULL,NULL,NULL,NULL,NULL,19,4,12,13,12,4,1,-9,4,0.285714,0.258929,0.169643,0.285714
320,313,NULL,NULL,NULL,NULL,NULL,NULL,NULL,NULL,11,9,15,15,14,3,0,-5,2,0.276786,0.25,0.205357,0.267857
321,318,NULL,NULL,NULL,NULL,NULL,NULL,NULL,NULL,14,8,16,14,15,-9,4,7,-2,0.169643,0.285714,0.3125,0.232143
322,319,NULL,NULL,NULL,NULL,NULL,NULL,NULL,NULL,12,7,14,14,5,-14,1,5,8,0.125,0.258929,0.294643,0.321429
323,321,NULL,NULL,NULL,NULL,NULL,NULL,NULL,NULL,16,8,17,12,11,-3,3,4,-4,0.223214,0.276786,0.285714,0.214286
325,326,NULL,NULL,NULL,NULL,NULL,NULL,NULL,NULL,13,6,8,14,14,17,-1,-8,-8,0.401786,0.241071,0.178571,0.178571
326,325,NULL,NULL,NULL,NULL,NULL,NULL,NULL,NULL,18,6,18,15,18,-8,5,4,-1,0.178571,0.294643,0.285714,0.241071
327,327,NULL,NULL,NULL,NULL,NULL,NULL,NULL,NULL,9,8,18,14,7,-9,-6,15,0,0.169643,0.196429,0.383929,0.25
328,331,NULL,NULL,NULL,NULL,NULL,NULL,NULL,NULL,20,4,20,16,20,-11,4,8,-1,0.151786,0.285714,0.321429,0.241071
329,333,NULL,NULL,NULL,NULL,NULL,NULL,NULL,NULL,20,4,20,14,16,-8,4,1,3,0.178571,0.285714,0.258929,0.276786
332,336,NULL,NULL,NULL,NULL,NULL,NULL,NULL,NULL,18,4,15,16,14,-1,5,1,-5,0.241071,0.294643,0.258929,0.205357
334,341,NULL,NULL,NULL,NULL,NULL,NULL,NULL,NULL,16,6,16,13,11,-15,3,11,1,0.116071,0.276786,0.348214,0.258929
335,342,NULL,NULL,NULL,NULL,NULL,NULL,NULL,NULL,18,12,14,12,9,7,-2,-12,7,0.3125,0.232143,0.142857,0.3125
337,344,NULL,NULL,NULL,NULL,NULL,NULL,NULL,NULL,15,12,17,16,11,-8,-1,6,3,0.178571,0.241071,0.303571,0.276786
338,349,NULL,NULL,NULL,NULL,NULL,NULL,NULL,NULL,15,9,16,14,10,-5,-1,5,1,0.205357,0.241071,0.294643,0.258929
339,346,NULL,NULL,NULL,NULL,NULL,NULL,NULL,NULL,14,11,14,14,12,-4,0,5,-1,0.214286,0.25,0.294643,0.241071
340,348,NULL,NULL,NULL,NULL,NULL,NULL,NULL,NULL,19,9,14,13,10,-3,-10,4,9,0.223214,0.160714,0.285714,0.330357
341,351,NULL,NULL,NULL,NULL,NULL,NULL,NULL,NULL,16,7,20,16,19,-5,11,0,-6,0.205357,0.348214,0.25,0.196429
342,343,NULL,NULL,NULL,NULL,NULL,NULL,NULL,NULL,15,6,19,16,9,-15,-8,19,4,0.116071,0.178571,0.419643,0.285714
344,353,NULL,NULL,NULL,NULL,NULL,NULL,NULL,NULL,17,10,12,11,7,-19,-4,4,19,0.0803571,0.214286,0.285714,0.419643
347,356,NULL,NULL,NULL,NULL,NULL,NULL,NULL,NULL,12,11,14,15,12,-6,-3,7,2,0.196429,0.223214,0.3125,0.267857
348,357,NULL,NULL,NULL,NULL,NULL,NULL,NULL,NULL,18,6,14,15,18,5,8,-8,-5,0.294643,0.321429,0.178571,0.205357
350,360,NULL,NULL,NULL,NULL,NULL,NULL,NULL,NULL,17,11,14,13,12,6,-5,-8,7,0.303571,0.205357,0.178571,0.3125
351,338,NULL,NULL,NULL,NULL,NULL,NULL,NULL,NULL,11,18,12,14,6,-8,-10,3,15,0.178571,0.160714,0.276786,0.383929
352,322,NULL,NULL,NULL,NULL,NULL,NULL,NULL,NULL,12,15,20,16,11,2,5,-6,-1,0.267857,0.294643,0.196429,0.241071
356,364,NULL,NULL,NULL,NULL,NULL,NULL,NULL,NULL,13,14,11,13,5,4,-4,-6,6,0.285714,0.214286,0.196429,0.303571
364,375,NULL,NULL,NULL,NULL,NULL,NULL,NULL,NULL,12,16,12,13,8,-4,-3,-5,12,0.214286,0.223214,0.205357,0.357143
366,378,NULL,NULL,NULL,NULL,NULL,NULL,NULL,NULL,15,10,14,14,12,4,0,-4,0,0.285714,0.25,0.214286,0.25
368,381,NULL,NULL,NULL,NULL,NULL,NULL,NULL,NULL,20,8,11,9,7,1,-4,-4,7,0.258929,0.214286,0.214286,0.3125
372,386,NULL,NULL,NULL,NULL,NULL,NULL,NULL,NULL,13,9,17,17,4,1,-8,1,6,0.258929,0.178571,0.258929,0.303571
391,397,NULL,NULL,NULL,NULL,NULL,NULL,NULL,NULL,20,14,18,13,7,-16,-5,7,14,0.107143,0.205357,0.3125,0.375
393,411,NULL,NULL,NULL,NULL,NULL,NULL,NULL,NULL,15,10,15,14,10,-11,-1,2,10,0.151786,0.241071,0.267857,0.339286
395,400,NULL,NULL,NULL,NULL,NULL,NULL,NULL,NULL,20,11,19,15,14,6,-1,-6,1,0.303571,0.241071,0.196429,0.258929
397,410,NULL,NULL,NULL,NULL,NULL,NULL,NULL,NULL,17,5,18,15,16,-7,6,2,-1,0.1875,0.303571,0.267857,0.241071
400,419,NULL,NULL,NULL,NULL,NULL,NULL,NULL,NULL,18,13,20,16,4,-7,-10,10,7,0.1875,0.160714,0.339286,0.3125
402,402,NULL,NULL,NULL,NULL,NULL,NULL,NULL,NULL,20,12,14,16,16,4,0,-10,6,0.285714,0.25,0.160714,0.303571
404,423,NULL,NULL,NULL,NULL,NULL,NULL,NULL,NULL,13,12,11,12,8,-1,-1,1,1,0.241071,0.241071,0.258929,0.258929
405,421,NULL,NULL,NULL,NULL,NULL,NULL,NULL,NULL,15,7,14,14,9,-2,-9,8,3,0.232143,0.169643,0.321429,0.276786
406,425,NULL,NULL,NULL,NULL,NULL,NULL,NULL,NULL,14,13,16,14,8,-4,-7,5,6,0.214286,0.1875,0.294643,0.303571
408,424,NULL,NULL,NULL,NULL,NULL,NULL,NULL,NULL,18,7,16,16,17,-10,2,7,1,0.160714,0.267857,0.3125,0.258929
410,426,NULL,NULL,NULL,NULL,NULL,NULL,NULL,NULL,13,8,9,12,18,-7,12,0,-5,0.1875,0.357143,0.25,0.205357
414,432,NULL,NULL,NULL,NULL,NULL,NULL,NULL,NULL,14,12,15,11,16,-3,7,-1,-3,0.223214,0.3125,0.241071,0.223214
415,433,NULL,NULL,NULL,NULL,NULL,NULL,NULL,NULL,20,14,20,16,4,-12,-8,5,15,0.142857,0.178571,0.294643,0.383929
416,434,NULL,NULL,NULL,NULL,NULL,NULL,NULL,NULL,13,9,16,14,16,-1,4,3,-6,0.241071,0.285714,0.276786,0.196429
418,440,NULL,NULL,NULL,NULL,NULL,NULL,NULL,NULL,18,4,16,16,15,0,1,-4,3,0.25,0.258929,0.214286,0.276786
419,442,NULL,NULL,NULL,NULL,NULL,NULL,NULL,NULL,7,8,15,13,5,-13,-5,13,5,0.133929,0.205357,0.366071,0.294643
420,444,NULL,NULL,NULL,NULL,NULL,NULL,NULL,NULL,18,9,11,13,9,-5,-11,5,11,0.205357,0.151786,0.294643,0.348214
429,452,NULL,NULL,NULL,NULL,NULL,NULL,NULL,NULL,17,6,17,14,11,4,-1,-5,2,0.285714,0.241071,0.205357,0.267857
430,451,NULL,NULL,NULL,NULL,NULL,NULL,NULL,NULL,17,6,18,13,12,-8,4,-1,5,0.178571,0.285714,0.241071,0.294643
431,454,NULL,NULL,NULL,NULL,NULL,NULL,NULL,NULL,11,7,13,15,9,-10,1,2,7,0.160714,0.258929,0.267857,0.3125
432,44,NULL,NULL,NULL,NULL,NULL,NULL,NULL,NULL,18,10,20,17,11,-17,-3,9,11,0.0982143,0.223214,0.330357,0.348214
433,455,NULL,NULL,NULL,NULL,NULL,NULL,NULL,NULL,15,6,13,13,8,-2,-16,3,15,0.232143,0.107143,0.276786,0.383929
434,445,NULL,NULL,NULL,NULL,NULL,NULL,NULL,NULL,16,13,14,12,12,-7,-5,2,10,0.1875,0.205357,0.267857,0.339286
436,404,NULL,NULL,NULL,NULL,NULL,NULL,NULL,NULL,17,10,17,16,17,3,4,-3,-4,0.276786,0.285714,0.223214,0.214286
442,464,NULL,NULL,NULL,NULL,NULL,NULL,NULL,NULL,17,7,15,11,10,-16,1,8,7,0.107143,0.258929,0.321429,0.3125
443,466,NULL,NULL,NULL,NULL,NULL,NULL,NULL,NULL,14,9,18,14,14,-10,-1,9,2,0.160714,0.241071,0.330357,0.267857
445,469,NULL,NULL,NULL,NULL,NULL,NULL,NULL,NULL,16,11,19,15,5,-16,-3,7,12,0.107143,0.223214,0.3125,0.357143
447,474,NULL,NULL,NULL,NULL,NULL,NULL,NULL,NULL,19,10,13,13,9,10,-10,-8,8,0.339286,0.160714,0.178571,0.321429
448,475,NULL,NULL,NULL,NULL,NULL,NULL,NULL,NULL,12,4,14,15,13,3,11,-4,-10,0.276786,0.348214,0.214286,0.160714
451,480,NULL,NULL,NULL,NULL,NULL,NULL,NULL,NULL,14,10,13,13,8,-11,-7,9,9,0.151786,0.1875,0.330357,0.330357
456,485,NULL,NULL,NULL,NULL,NULL,NULL,NULL,NULL,12,15,19,16,10,-9,0,2,7,0.169643,0.25,0.267857,0.3125
457,486,NULL,NULL,NULL,NULL,NULL,NULL,NULL,NULL,14,5,15,15,11,-16,-4,12,8,0.107143,0.214286,0.357143,0.321429
459,490,NULL,NULL,NULL,NULL,NULL,NULL,NULL,NULL,14,12,19,15,15,-8,11,3,-6,0.178571,0.348214,0.276786,0.196429
460,489,NULL,NULL,NULL,NULL,NULL,NULL,NULL,NULL,7,15,12,16,13,-3,-1,5,-1,0.223214,0.241071,0.294643,0.241071
461,491,NULL,NULL,NULL,NULL,NULL,NULL,NULL,NULL,19,8,20,15,15,-15,-1,6,10,0.116071,0.241071,0.303571,0.339286
462,492,NULL,NULL,NULL,NULL,NULL,NULL,NULL,NULL,15,11,17,16,19,11,9,-15,-5,0.348214,0.330357,0.116071,0.205357
463,493,NULL,NULL,NULL,NULL,NULL,NULL,NULL,NULL,13,10,18,16,14,-5,-4,5,4,0.205357,0.214286,0.294643,0.285714
464,465,NULL,NULL,NULL,NULL,NULL,NULL,NULL,NULL,20,7,7,9,10,-3,-11,1,13,0.223214,0.151786,0.258929,0.366071
467,497,NULL,NULL,NULL,NULL,NULL,NULL,NULL,NULL,16,9,17,9,6,-9,-10,11,8,0.169643,0.160714,0.348214,0.321429
468,499,NULL,NULL,NULL,NULL,NULL,NULL,NULL,NULL,11,4,20,16,19,-1,8,7,-14,0.241071,0.321429,0.3125,0.125
470,502,NULL,NULL,NULL,NULL,NULL,NULL,NULL,NULL,14,4,19,14,20,-10,5,10,-5,0.160714,0.294643,0.339286,0.205357
471,503,NULL,NULL,NULL,NULL,NULL,NULL,NULL,NULL,18,10,20,15,16,20,-1,-10,-9,0.428571,0.241071,0.160714,0.169643
478,515,NULL,NULL,NULL,NULL,NULL,NULL,NULL,NULL,18,10,13,13,17,-6,5,4,-3,0.196429,0.294643,0.285714,0.223214
479,531,NULL,NULL,NULL,NULL,NULL,NULL,NULL,NULL,4,16,4,8,5,-6,-9,5,10,0.196429,0.169643,0.294643,0.339286
480,528,NULL,NULL,NULL,NULL,NULL,NULL,NULL,NULL,18,6,16,10,10,-13,-6,11,8,0.133929,0.196429,0.348214,0.321429
481,520,NULL,NULL,NULL,NULL,NULL,NULL,NULL,NULL,11,14,14,18,9,-8,-3,5,6,0.178571,0.223214,0.294643,0.303571
484,535,NULL,NULL,NULL,NULL,NULL,NULL,NULL,NULL,16,12,20,16,4,-5,-2,7,0,0.205357,0.232143,0.3125,0.25
485,534,NULL,NULL,NULL,NULL,NULL,NULL,NULL,NULL,15,12,19,16,10,-15,-7,5,17,0.116071,0.1875,0.294643,0.401786
486,525,NULL,NULL,NULL,NULL,NULL,NULL,NULL,NULL,11,9,16,16,15,-2,0,6,-4,0.232143,0.25,0.303571,0.214286
487,530,NULL,NULL,NULL,NULL,NULL,NULL,NULL,NULL,17,17,18,16,6,-10,-9,3,16,0.160714,0.169643,0.276786,0.392857
489,537,NULL,NULL,NULL,NULL,NULL,NULL,NULL,NULL,20,5,20,11,17,-5,10,0,-5,0.205357,0.339286,0.25,0.205357
490,539,NULL,NULL,NULL,NULL,NULL,NULL,NULL,NULL,20,4,20,16,8,-12,1,10,1,0.142857,0.258929,0.339286,0.258929
491,521,NULL,NULL,NULL,NULL,NULL,NULL,NULL,NULL,18,10,15,15,11,-11,-1,7,5,0.151786,0.241071,0.3125,0.294643
492,532,NULL,NULL,NULL,NULL,NULL,NULL,NULL,NULL,13,11,5,10,4,5,-8,-5,8,0.294643,0.178571,0.205357,0.321429
497,546,NULL,NULL,NULL,NULL,NULL,NULL,NULL,NULL,9,13,16,13,12,-3,4,2,-3,0.223214,0.285714,0.267857,0.223214
498,542,NULL,NULL,NULL,NULL,NULL,NULL,NULL,NULL,14,10,13,15,14,-1,-1,2,0,0.241071,0.241071,0.267857,0.25
499,544,NULL,NULL,NULL,NULL,NULL,NULL,NULL,NULL,18,6,14,16,13,-1,5,-5,1,0.241071,0.294643,0.205357,0.258929
500,547,NULL,NULL,NULL,NULL,NULL,NULL,NULL,NULL,10,14,15,16,18,11,7,-5,-13,0.348214,0.3125,0.205357,0.133929
504,554,NULL,NULL,NULL,NULL,NULL,NULL,NULL,NULL,19,10,16,16,17,-4,1,1,2,0.214286,0.258929,0.258929,0.267857
506,555,NULL,NULL,NULL,NULL,NULL,NULL,NULL,NULL,12,7,12,13,4,-7,-8,11,4,0.1875,0.178571,0.348214,0.285714
510,561,NULL,NULL,NULL,NULL,NULL,NULL,NULL,NULL,11,8,16,16,12,-8,0,4,4,0.178571,0.25,0.285714,0.285714
511,529,NULL,NULL,NULL,NULL,NULL,NULL,NULL,NULL,13,10,16,12,18,-5,-1,5,1,0.205357,0.241071,0.294643,0.258929
514,565,NULL,NULL,NULL,NULL,NULL,NULL,NULL,NULL,20,4,20,16,18,5,10,-8,-7,0.294643,0.339286,0.178571,0.1875
518,570,NULL,NULL,NULL,NULL,NULL,NULL,NULL,NULL,20,4,20,16,20,10,5,-9,-6,0.339286,0.294643,0.169643,0.196429
520,573,NULL,NULL,NULL,NULL,NULL,NULL,NULL,NULL,9,11,13,15,12,0,0,3,-3,0.25,0.25,0.276786,0.223214
521,574,NULL,NULL,NULL,NULL,NULL,NULL,NULL,NULL,12,12,15,15,14,5,-2,-2,-1,0.294643,0.232143,0.232143,0.241071
522,575,NULL,NULL,NULL,NULL,NULL,NULL,NULL,NULL,9,13,15,19,16,6,10,-4,-12,0.303571,0.339286,0.214286,0.142857
523,576,NULL,NULL,NULL,NULL,NULL,NULL,NULL,NULL,14,6,12,13,12,6,-4,-6,4,0.303571,0.214286,0.196429,0.285714
524,518,NULL,NULL,NULL,NULL,NULL,NULL,NULL,NULL,20,12,20,16,15,0,1,3,-4,0.25,0.258929,0.276786,0.214286
525,566,NULL,NULL,NULL,NULL,NULL,NULL,NULL,NULL,8,14,19,17,8,-11,-4,10,5,0.151786,0.214286,0.339286,0.294643
528,580,NULL,NULL,NULL,NULL,NULL,NULL,NULL,NULL,15,11,15,17,9,9,-8,-5,4,0.330357,0.178571,0.205357,0.285714
530,582,NULL,NULL,NULL,NULL,NULL,NULL,NULL,NULL,15,8,18,15,16,-3,14,0,-11,0.223214,0.375,0.25,0.151786
531,583,NULL,NULL,NULL,NULL,NULL,NULL,NULL,NULL,13,17,20,16,6,0,-18,6,12,0.25,0.0892857,0.303571,0.357143
532,584,NULL,NULL,NULL,NULL,NULL,NULL,NULL,NULL,15,12,16,15,7,-13,-7,7,13,0.133929,0.1875,0.3125,0.366071
536,589,NULL,NULL,NULL,NULL,NULL,NULL,NULL,NULL,20,4,20,12,19,-7,2,6,-1,0.1875,0.267857,0.303571,0.241071
537,590,NULL,NULL,NULL,NULL,NULL,NULL,NULL,NULL,12,15,12,13,10,1,-17,1,15,0.258929,0.0982143,0.258929,0.383929
538,592,NULL,NULL,NULL,NULL,NULL,NULL,NULL,NULL,17,5,19,15,13,-5,6,4,-5,0.205357,0.303571,0.285714,0.205357
539,33,NULL,NULL,NULL,NULL,NULL,NULL,NULL,NULL,13,6,17,16,17,-5,4,6,-5,0.205357,0.285714,0.303571,0.205357
542,594,NULL,NULL,NULL,NULL,NULL,NULL,NULL,NULL,17,5,17,14,14,-10,-4,10,4,0.160714,0.214286,0.339286,0.285714
544,598,NULL,NULL,NULL,NULL,NULL,NULL,NULL,NULL,16,4,18,14,20,5,12,-8,-9,0.294643,0.357143,0.178571,0.169643
545,591,NULL,NULL,NULL,NULL,NULL,NULL,NULL,NULL,15,13,9,12,9,-3,-5,-1,9,0.223214,0.205357,0.241071,0.330357
546,471,NULL,NULL,NULL,NULL,NULL,NULL,NULL,NULL,15,11,16,15,13,-7,1,-2,8,0.1875,0.258929,0.232143,0.321429
547,599,NULL,NULL,NULL,NULL,NULL,NULL,NULL,NULL,16,6,18,14,11,1,-6,6,-1,0.258929,0.196429,0.303571,0.241071
548,600,NULL,NULL,NULL,NULL,NULL,NULL,NULL,NULL,12,13,18,15,10,-2,1,-1,2,0.232143,0.258929,0.241071,0.267857
555,606,NULL,NULL,NULL,NULL,NULL,NULL,NULL,NULL,17,11,19,14,15,-13,6,4,3,0.133929,0.303571,0.285714,0.276786
556,607,NULL,NULL,NULL,NULL,NULL,NULL,NULL,NULL,12,11,20,17,16,-9,3,0,6,0.169643,0.276786,0.25,0.303571
557,608,NULL,NULL,NULL,NULL,NULL,NULL,NULL,NULL,17,4,16,16,15,4,-2,1,-3,0.285714,0.232143,0.258929,0.223214
558,95,NULL,NULL,NULL,NULL,NULL,NULL,NULL,NULL,16,5,19,15,18,-9,11,2,-4,0.169643,0.348214,0.267857,0.214286
562,614,NULL,NULL,NULL,NULL,NULL,NULL,NULL,NULL,17,13,19,15,9,-11,-8,6,13,0.151786,0.178571,0.303571,0.366071
563,615,NULL,NULL,NULL,NULL,NULL,NULL,NULL,NULL,15,8,18,12,11,-6,1,8,-3,0.196429,0.258929,0.321429,0.223214
566,188,NULL,NULL,NULL,NULL,NULL,NULL,NULL,NULL,10,20,20,18,10,-2,-6,-1,9,0.232143,0.196429,0.241071,0.330357
567,619,NULL,NULL,NULL,NULL,NULL,NULL,NULL,NULL,15,7,15,12,15,-9,6,4,-1,0.169643,0.303571,0.285714,0.241071
568,302,NULL,NULL,NULL,NULL,NULL,NULL,NULL,NULL,17,7,19,14,15,-6,3,3,0,0.196429,0.276786,0.276786,0.25
569,621,NULL,NULL,NULL,NULL,NULL,NULL,NULL,NULL,20,12,16,12,5,-6,-11,6,11,0.196429,0.151786,0.303571,0.348214
570,623,NULL,NULL,NULL,NULL,NULL,NULL,NULL,NULL,17,9,19,16,13,-4,3,0,1,0.214286,0.276786,0.25,0.258929
571,636,NULL,NULL,NULL,NULL,NULL,NULL,NULL,NULL,18,5,15,14,16,-1,11,-8,-2,0.241071,0.348214,0.178571,0.232143
575,631,NULL,NULL,NULL,NULL,NULL,NULL,NULL,NULL,19,8,17,11,13,-19,6,8,5,0.0803571,0.303571,0.321429,0.294643
577,622,NULL,NULL,NULL,NULL,NULL,NULL,NULL,NULL,15,17,16,18,4,-15,-3,8,10,0.116071,0.223214,0.321429,0.339286
578,656,NULL,NULL,NULL,NULL,NULL,NULL,NULL,NULL,13,10,18,13,8,-13,-9,10,12,0.133929,0.169643,0.339286,0.357143
581,652,NULL,NULL,NULL,NULL,NULL,NULL,NULL,NULL,16,10,12,8,15,4,0,-1,-3,0.285714,0.25,0.241071,0.223214
583,641,NULL,NULL,NULL,NULL,NULL,NULL,NULL,NULL,15,9,15,14,15,-3,1,1,1,0.223214,0.258929,0.258929,0.258929
585,628,NULL,NULL,NULL,NULL,NULL,NULL,NULL,NULL,16,9,20,16,20,-6,3,-1,4,0.196429,0.276786,0.241071,0.285714
586,650,NULL,NULL,NULL,NULL,NULL,NULL,NULL,NULL,13,14,12,14,7,-2,-15,9,8,0.232143,0.116071,0.330357,0.321429
589,633,NULL,NULL,NULL,NULL,NULL,NULL,NULL,NULL,16,10,19,14,15,-4,2,4,-2,0.214286,0.267857,0.285714,0.232143
590,640,NULL,NULL,NULL,NULL,NULL,NULL,NULL,NULL,18,11,20,15,6,-8,-13,9,12,0.178571,0.133929,0.330357,0.357143
591,668,NULL,NULL,NULL,NULL,NULL,NULL,NULL,NULL,12,9,17,11,14,-1,-1,1,1,0.241071,0.241071,0.258929,0.258929
593,665,NULL,NULL,NULL,NULL,NULL,NULL,NULL,NULL,15,15,19,13,11,-6,-7,0,13,0.196429,0.1875,0.25,0.366071
594,670,NULL,NULL,NULL,NULL,NULL,NULL,NULL,NULL,13,8,16,14,12,6,4,-5,-5,0.303571,0.285714,0.205357,0.205357
597,659,NULL,NULL,NULL,NULL,NULL,NULL,NULL,NULL,18,9,19,15,11,-7,-9,9,7,0.1875,0.169643,0.330357,0.3125
598,674,NULL,NULL,NULL,NULL,NULL,NULL,NULL,NULL,20,8,12,18,11,0,-1,0,1,0.25,0.241071,0.25,0.258929
603,676,NULL,NULL,NULL,NULL,NULL,NULL,NULL,NULL,16,6,16,13,6,-7,-12,7,12,0.1875,0.142857,0.3125,0.357143
604,679,NULL,NULL,NULL,NULL,NULL,NULL,NULL,NULL,15,7,12,16,4,-5,-8,6,7,0.205357,0.178571,0.303571,0.3125
605,681,NULL,NULL,NULL,NULL,NULL,NULL,NULL,NULL,15,9,13,12,9,-2,-2,-4,8,0.232143,0.232143,0.214286,0.321429
606,683,NULL,NULL,NULL,NULL,NULL,NULL,NULL,NULL,13,15,11,10,6,-10,-7,12,5,0.160714,0.1875,0.357143,0.294643
607,685,NULL,NULL,NULL,NULL,NULL,NULL,NULL,NULL,10,16,20,14,8,-9,4,5,0,0.169643,0.285714,0.294643,0.25
608,672,NULL,NULL,NULL,NULL,NULL,NULL,NULL,NULL,7,16,17,16,5,7,-4,2,-5,0.3125,0.214286,0.267857,0.205357
610,687,NULL,NULL,NULL,NULL,NULL,NULL,NULL,NULL,19,13,16,16,11,-3,-1,0,4,0.223214,0.241071,0.25,0.285714
611,686,NULL,NULL,NULL,NULL,NULL,NULL,NULL,NULL,18,11,15,16,6,-7,-11,8,10,0.1875,0.151786,0.321429,0.339286
612,689,NULL,NULL,NULL,NULL,NULL,NULL,NULL,NULL,7,15,10,7,13,3,4,-1,-6,0.276786,0.285714,0.241071,0.196429
616,692,NULL,NULL,NULL,NULL,NULL,NULL,NULL,NULL,9,14,10,13,7,3,-6,5,-2,0.276786,0.196429,0.294643,0.232143
618,695,NULL,NULL,NULL,NULL,NULL,NULL,NULL,NULL,20,5,12,16,8,-5,-9,1,13,0.205357,0.169643,0.258929,0.366071
619,281,NULL,NULL,NULL,NULL,NULL,NULL,NULL,NULL,14,8,13,15,7,-2,5,-3,0,0.232143,0.294643,0.223214,0.25
621,700,NULL,NULL,NULL,NULL,NULL,NULL,NULL,NULL,15,8,9,13,8,8,-1,-14,7,0.321429,0.241071,0.125,0.3125
622,702,NULL,NULL,NULL,NULL,NULL,NULL,NULL,NULL,17,8,15,14,13,16,4,-12,-8,0.392857,0.285714,0.142857,0.178571
623,701,NULL,NULL,NULL,NULL,NULL,NULL,NULL,NULL,17,8,17,16,8,-8,5,-2,5,0.178571,0.294643,0.232143,0.294643
624,703,NULL,NULL,NULL,NULL,NULL,NULL,NULL,NULL,13,5,17,15,16,-7,10,7,-10,0.1875,0.339286,0.3125,0.160714
626,706,NULL,NULL,NULL,NULL,NULL,NULL,NULL,NULL,10,7,16,17,5,-11,-7,13,5,0.151786,0.1875,0.366071,0.294643
627,704,NULL,NULL,NULL,NULL,NULL,NULL,NULL,NULL,6,10,17,15,18,-1,1,5,-5,0.241071,0.258929,0.294643,0.205357
628,708,NULL,NULL,NULL,NULL,NULL,NULL,NULL,NULL,17,6,12,16,14,-2,3,-7,6,0.232143,0.276786,0.1875,0.303571
629,709,NULL,NULL,NULL,NULL,NULL,NULL,NULL,NULL,11,11,14,13,9,-7,-1,7,1,0.1875,0.241071,0.3125,0.258929
631,710,NULL,NULL,NULL,NULL,NULL,NULL,NULL,NULL,14,9,20,13,15,-16,4,5,7,0.107143,0.285714,0.294643,0.3125
632,457,NULL,NULL,NULL,NULL,NULL,NULL,NULL,NULL,20,18,15,9,5,-8,-12,8,12,0.178571,0.142857,0.321429,0.357143
635,715,NULL,NULL,NULL,NULL,NULL,NULL,NULL,NULL,11,7,17,11,17,-19,6,13,0,0.0803571,0.303571,0.366071,0.25
637,684,NULL,NULL,NULL,NULL,NULL,NULL,NULL,NULL,10,10,20,18,8,-11,-8,9,10,0.151786,0.178571,0.330357,0.339286
640,718,NULL,NULL,NULL,NULL,NULL,NULL,NULL,NULL,12,8,14,15,12,2,-7,-3,8,0.267857,0.1875,0.223214,0.321429
642,711,NULL,NULL,NULL,NULL,NULL,NULL,NULL,NULL,11,12,12,13,11,-12,-6,7,11,0.142857,0.196429,0.3125,0.348214
643,721,NULL,NULL,NULL,NULL,NULL,NULL,NULL,NULL,11,13,12,11,11,-1,1,2,-2,0.241071,0.258929,0.267857,0.232143
644,723,NULL,NULL,NULL,NULL,NULL,NULL,NULL,NULL,17,7,18,14,13,-13,0,6,7,0.133929,0.25,0.303571,0.3125
645,725,NULL,NULL,NULL,NULL,NULL,NULL,NULL,NULL,19,15,16,14,10,-11,-12,7,16,0.151786,0.142857,0.3125,0.392857
648,731,NULL,NULL,NULL,NULL,NULL,NULL,NULL,NULL,7,14,7,16,4,-9,-3,1,11,0.169643,0.223214,0.258929,0.348214
650,733,NULL,NULL,NULL,NULL,NULL,NULL,NULL,NULL,15,13,7,15,7,-3,-9,7,5,0.223214,0.169643,0.3125,0.294643
651,734,NULL,NULL,NULL,NULL,NULL,NULL,NULL,NULL,15,9,16,12,5,-12,-10,10,12,0.142857,0.160714,0.339286,0.357143
652,737,NULL,NULL,NULL,NULL,NULL,NULL,NULL,NULL,16,18,13,12,5,-9,-12,0,21,0.169643,0.142857,0.25,0.4375
653,729,NULL,NULL,NULL,NULL,NULL,NULL,NULL,NULL,14,8,12,15,14,1,5,-2,-4,0.258929,0.294643,0.232143,0.214286
654,738,NULL,NULL,NULL,NULL,NULL,NULL,NULL,NULL,12,12,14,15,8,0,-10,5,5,0.25,0.160714,0.294643,0.294643
655,739,NULL,NULL,NULL,NULL,NULL,NULL,NULL,NULL,19,5,7,15,12,-1,2,-5,4,0.241071,0.267857,0.205357,0.285714
657,742,NULL,NULL,NULL,NULL,NULL,NULL,NULL,NULL,16,11,10,16,4,-4,-8,2,10,0.214286,0.178571,0.267857,0.339286
658,743,NULL,NULL,NULL,NULL,NULL,NULL,NULL,NULL,10,9,13,11,13,-6,3,5,-2,0.196429,0.276786,0.294643,0.232143
659,746,NULL,NULL,NULL,NULL,NULL,NULL,NULL,NULL,20,13,20,16,18,2,1,-7,4,0.267857,0.258929,0.1875,0.285714
660,744,NULL,NULL,NULL,NULL,NULL,NULL,NULL,NULL,16,13,18,11,10,-1,-3,2,2,0.241071,0.223214,0.267857,0.267857
663,748,NULL,NULL,NULL,NULL,NULL,NULL,NULL,NULL,15,12,14,10,12,8,1,-3,-6,0.321429,0.258929,0.223214,0.196429
666,752,NULL,NULL,NULL,NULL,NULL,NULL,NULL,NULL,16,14,19,14,4,-6,-11,10,7,0.196429,0.151786,0.339286,0.3125
669,757,NULL,NULL,NULL,NULL,NULL,NULL,NULL,NULL,16,14,14,12,5,-10,-13,4,19,0.160714,0.133929,0.285714,0.419643
672,758,NULL,NULL,NULL,NULL,NULL,NULL,NULL,NULL,17,5,13,11,7,-12,-7,4,15,0.142857,0.1875,0.285714,0.383929
673,760,NULL,NULL,NULL,NULL,NULL,NULL,NULL,NULL,17,8,18,15,6,-10,-3,4,9,0.160714,0.223214,0.285714,0.330357
674,762,NULL,NULL,NULL,NULL,NULL,NULL,NULL,NULL,12,15,11,13,12,-3,4,-3,2,0.223214,0.285714,0.223214,0.267857
676,764,NULL,NULL,NULL,NULL,NULL,NULL,NULL,NULL,8,8,19,16,14,-1,10,6,-15,0.241071,0.339286,0.303571,0.116071
678,770,NULL,NULL,NULL,NULL,NULL,NULL,NULL,NULL,16,12,20,14,17,-2,4,4,-6,0.232143,0.285714,0.285714,0.196429
679,767,NULL,NULL,NULL,NULL,NULL,NULL,NULL,NULL,18,4,16,13,14,9,4,-1,-12,0.330357,0.285714,0.241071,0.142857
680,773,NULL,NULL,NULL,NULL,NULL,NULL,NULL,NULL,12,5,19,12,16,-8,11,4,-7,0.178571,0.348214,0.285714,0.1875
681,776,NULL,NULL,NULL,NULL,NULL,NULL,NULL,NULL,20,4,20,15,5,-10,-4,11,3,0.160714,0.214286,0.348214,0.276786
683,782,NULL,NULL,NULL,NULL,NULL,NULL,NULL,NULL,17,19,18,16,12,9,-12,-3,6,0.330357,0.142857,0.223214,0.303571
685,784,NULL,NULL,NULL,NULL,NULL,NULL,NULL,NULL,17,8,19,15,11,-10,8,1,1,0.160714,0.321429,0.258929,0.258929
